{
  "version": "bootstrap-500-sintetico",
  "weights": [
    -0.025847161122473438,
    -0.14668402026692223,
    -0.026299140062420324,
    0.3064170967033582,
    0.015077117937803952,
    0.0,
    -0.7851251488011762,
    -0.18343299631527657
  ],
  "bias": 0.045030558601345465,
  "means": [
    9019.283003380782,
    278724.1766250914,
    9898.707214110478,
    216949.15389580498,
    982.9277771622124,
    0.0,
    0.22306880200388346,
    0.15717414817803987
  ],
  "stds": [
    3320.5012969236027,
    71836.08299138934,
    5750.151029035632,
    68488.17123481727,
    346.0394598561237,
    1.0,
    0.13326074990798367,
    0.08176049277196039
  ],
  "features": [
    "renda_bruta",
    "valor_tabela",
    "sobrepreco_vila",
    "valor_obtido",
    "parcela_caixa",
    "preco_digitado_corretor",
    "exposicao",
    "is_pos_chaves"
  ]
}